URL	Status	Commits	Issues
https://github.com/sunpy/sunxspex	Moved to https://github.com/sunpy/sunkit-spex		
https://github.com/bioconductor/bbs	Active	30	30
https://github.com/daytonaio/docs	Active	30	21
https://github.com/vmware-samples/cloud-automation-samples	Moved to https://github.com/vmware-archive/cloud-automation-samples		
https://github.com/vmware-labs/date-and-time-pattern-detection	Moved to https://github.com/vmware-archive/date-and-time-pattern-detection		
https://github.com/vmware/vsan-integration-for-prometheus	Moved to https://github.com/vmware-archive/vsan-integration-for-prometheus		
https://github.com/vmware/clarity-city	Moved to https://github.com/vmware-archive/clarity-city		
https://github.com/vmware/transport-java	Moved to https://github.com/vmware-archive/transport-java		
https://github.com/vmware/wavefront-plugin-for-jenkins	Moved to https://github.com/vmware-archive/wavefront-plugin-for-jenkins		
https://github.com/overture-stack/dms-ui	Active	30	0
https://github.com/azure/ap5gc-vendor-tools	Active	16	0
https://github.com/huggingface/lm-evaluation-harness	Active	30	1
https://github.com/longhorn/types	Active	26	1
https://github.com/microsoft/cluster-api-inplace-upgrader	Moved to https://github.com/microsoft/cluster-api-inplace-updater		
https://github.com/vitessio/vitess-tester	Active	30	1
https://github.com/nats-io/nats.net.v2	Moved to https://github.com/nats-io/nats.net		
https://github.com/helium/helium-foundation-k8s	Active	30	2
https://github.com/nats-io/nats.net	Active	30	30
https://github.com/cockroachdb/cdc-sink	Moved to https://github.com/cockroachdb/replicator		
https://github.com/dotnet/aspnetdocs	Active	30	0
https://github.com/cryostatio/cryostat	Active	30	30
https://github.com/blosc/caterva2	Moved to https://github.com/ironArray/Caterva2		
https://github.com/microsoft/winget-pkgs	Active	30	30
https://github.com/cryostatio/cryostat3	Moved to https://github.com/cryostatio/cryostat		
https://github.com/enterprise-cmcs/serverless-iam-helper	Active	6	2
https://github.com/enterprise-cmcs/macpro-quickstart-serverless-infra	Active	1	2
https://github.com/alphagov/di-rad-prototypes	Active	30	0
https://github.com/enterprise-cmcs/serverless-idempotency-helper	Active	5	1
https://github.com/enterprise-cmcs/serverless-s3-bucket-helper	Active	7	2
https://github.com/enterprise-cmcs/serverless-waf-plugin	Active	30	2
https://github.com/enterprise-cmcs/mac-fc-amazon-ecs-run-task	Active	30	0
https://github.com/google/bulk_fhir_tools	Active	30	4
https://github.com/google/rust-crate-audits	Active	30	0
https://github.com/alphagov/di-report-a-death	Active	30	5
https://github.com/microsoft/tes-azure-legacy	Active	19	7
https://github.com/microsoft/copilotstudiosamples	Active	30	30
https://github.com/microsoft/aks-arc-apps	Active	30	4
https://github.com/microsoft/powerapps-tooling	Active	30	14
https://github.com/microsoft/entraexporter	Active	30	16
https://github.com/microsoft/commercial-marketplace-solutions	Active	30	1
https://github.com/enterprise-cmcs/macpro-mako	Active	30	7
https://github.com/microsoft/tokenmixers	Active	30	4
https://github.com/microsoft/everyonecancode	Active	30	30
https://github.com/microsoft/spfx-gulp-tools	Active	30	5
https://github.com/microsoft/microsoft-purview-advanced-rich-reports-mparr-collector	Active	30	12
https://github.com/microsoft/ai2bmd	Active	22	2
https://github.com/microsoft/net-offloads	Active	30	20
https://github.com/kubernetes-sigs/karpenter	Active	30	30
https://github.com/microsoft/few_shot_adaptation_for_parsing_contextual_utterances_with_llms	Active	11	6
https://github.com/chaoss/wg-metrics-development	Active	30	27
https://github.com/saltstack/salt-ci-images	Active	30	1
https://github.com/quantecon/book-dp1-public	Active	30	0
https://github.com/microsoft/finops-toolkit	Active	30	30
https://github.com/mdanalysis/mdahole2	Active	30	9
https://github.com/scientific-python/cookie	Active	30	18
https://github.com/econ-ark/estimatingmicrodsops	Active	30	2
https://github.com/tc39/source-map	Active	30	30
https://github.com/sunpy/sunkit-spex	Active	30	30
https://github.com/eraser-dev/eraser-scanner-template	Active	30	5
https://github.com/konveyor/operator	Active	30	12
https://github.com/kube-rs/kube	Active	30	30
https://github.com/sonic-net/sonic-buildimage-msft	Active	30	4
https://github.com/aws/shim-loggers-for-containerd	Active	30	12
https://github.com/aws/karpenter-provider-aws	Active	30	30
https://github.com/aws/amazon-q-connectjs	Active	30	2
https://github.com/aws/aws-pdk	Active	30	19
https://github.com/vmware-archive/upgrade-framework	Active	30	0
https://github.com/vmware-archive/pyvcloud	Active	30	30
https://github.com/vmware-archive/vcd-cli	Active	30	30
https://github.com/vmware-archive/vivace	Active	30	4
https://github.com/vmware-archive/copenapi	Active	17	0
https://github.com/vmware-archive/o11n-plugin-crypto	Active	30	4
https://github.com/vmware-archive/nsx-integration-for-openshift	Active	30	3
https://github.com/vmware-archive/salt-pack	Active	30	11
https://github.com/vmware-archive/ansible-module-vcloud-director	Active	30	30
https://github.com/vmware-archive/vcd-ext-sdk	Active	30	3
https://github.com/vmware-archive/ansible-aws-greengrass	Active	30	1
https://github.com/vmware-archive/test-operations	Active	30	0
https://github.com/vmware-archive/ansible-role-greengrass-awscli	Active	14	0
https://github.com/vmware-archive/bare-metal-server-integration-with-nsxt	Active	30	1
https://github.com/vmware-archive/cloud-to-edge-automation	Active	30	0
https://github.com/vmware-archive/clarity-assets	Active	25	1
https://github.com/vmware-archive/cloud-to-edge-config-ui	Active	30	0
https://github.com/vmware-archive/vcd-ext-samples	Active	18	5
https://github.com/vmware-archive/go-reminders	Active	30	0
https://github.com/vmware-archive/safekeeping	Active	30	4
https://github.com/vmware-archive/vhpc-toolkit	Active	30	0
https://github.com/vmware-archive/ansible-security-hardening	Active	30	2
https://github.com/vmware-archive/nerpa	Active	30	10
https://github.com/vmware-archive/vmware-cloud-director-ui-components	Active	30	30
https://github.com/vmware-archive/cloud-director-ext-emulators	Active	30	2
https://github.com/vmware-archive/transport-typescript	Active	30	10
https://github.com/vmware-archive/cloud-director-typescript-clients	Active	30	1
https://github.com/vmware-archive/vms-for-slurm	Active	18	0
https://github.com/vmware-archive/bitfusion-with-kubernetes-integration	Active	30	10
https://github.com/vmware-archive/people-counter-engagement	Active	19	0
https://github.com/vmware-archive/metadata-reaper-for-kafka	Active	13	1
https://github.com/vmware-archive/buildkit-cli-for-kubectl	Active	30	30
https://github.com/vmware-archive/sonarqube-plugin-for-java	Active	15	0
https://github.com/vmware-archive/sql-to-dbsp-compiler	Active	30	19
https://github.com/vmware-archive/vrealize-automation-content-generator	Active	30	0
https://github.com/vmware-archive/cloud-director-service-migration	Active	20	0
https://github.com/vmware-archive/accessibility-visual-report	Active	30	0
https://github.com/vmware-archive/build-inspector	Active	30	11
https://github.com/vmware-archive/api-data-collector	Active	25	0
https://github.com/vmware-archive/wasm-languages	Active	30	3
https://github.com/vmware-archive/database-stream-processor	Active	30	30
https://github.com/vmware-archive/repository-editor-for-tuf	Active	30	14
https://github.com/vmware-archive/service-level-indicator-exporter-for-kafka	Active	30	2
https://github.com/vmware-archive/rules_oss_audit	Active	10	2
https://github.com/vmware-archive/webassembly-browser-apps	Active	24	2
https://github.com/microsoft/azurelinux-tutorials	Active	30	11
https://github.com/microsoft/azurelinuxvulnerabilitydata	Active	30	0
https://github.com/microsoft/adaptive-testing	Active	30	11
https://github.com/microsoft/adaptive_cloud_community	Active	30	0
https://github.com/microsoft/security-devops-common	Active	30	0
https://github.com/microsoft/powerbi-visuals-utils-onobjectutils	Active	13	0
https://github.com/microsoft/azure-genai-design-patterns	Active	30	23
https://github.com/microsoft/vscode-ms-entra	Active	26	0
https://github.com/microsoft/azurelinux	Active	30	30
https://github.com/azure/aksarc	Active	30	30
https://github.com/azure/azure-center-for-sap-solutions	Active	30	1
https://github.com/azure/external-metrics-ingestion-agent	Active	8	1
https://github.com/azure/msccl-scheduler	Active	27	1
https://github.com/azure/appcat-rulesets	Active	30	12
https://github.com/azure/azure-kusto-opentelemetry-demo	Active	30	0
https://github.com/azure/mtm-labs	Active	30	20
https://github.com/azure/terraform-azurerm-avm-ptn-alz	Active	30	5
https://github.com/sigstore/model-transparency	Active	30	30
https://github.com/cockroachdb/replicator	Active	30	30
https://github.com/hashicorp/learn-terraform-variable-sets	Active	16	0
https://github.com/hashicorp/learn-terraform	Active	13	2
https://github.com/mongodb/laravel-mongodb	Active	30	30
https://github.com/ethstorage/chains	Active	30	0
https://github.com/microsoft/vscode	Active	30	30
https://github.com/gsa/ansible-os-ubuntu22	Active	30	0
https://github.com/18f/approaches	Moved to https://github.com/18F/guides		
https://github.com/18f/guides	Active	30	30
https://github.com/scikit-hep/uproot	Moved to https://github.com/scikit-hep/uproot3		
https://github.com/scikit-hep/uproot4	Moved to https://github.com/scikit-hep/uproot5		
https://github.com/openmicroscopy/openmicroscopy	Moved to https://github.com/ome/openmicroscopy		
https://github.com/saltstack/relative-environment-for-python	Moved to https://github.com/saltstack/relenv		
https://github.com/enterprise-cmcs/mako	Moved to https://github.com/Enterprise-CMCS/macpro-mako		
https://github.com/scikit-hep/uproot5	Active	30	30
https://github.com/aws/karpenter-core	Moved to https://github.com/kubernetes-sigs/karpenter		
https://github.com/microsoft/qdk-python	Moved to https://github.com/microsoft/azure-quantum-python		
https://github.com/streamxhub/streamx	Moved to https://github.com/apache/incubator-streampark		
https://github.com/sociallycompute/update-test	Active	6	0
https://github.com/microsoft/cloud-hubs	Moved to https://github.com/microsoft/finops-toolkit		
https://github.com/microsoft/powerapps-language-tooling	Moved to https://github.com/microsoft/PowerApps-Tooling		
https://github.com/pyvista/pyvista-posters	Moved to https://github.com/pyvista/pyvista-media		
https://github.com/microsoft/wsa-linux-kernel	Active	30	1
https://github.com/microsoft/woodgrove-music-android	Moved to https://github.com/microsoft/woodgrove-music		
https://github.com/microsoft/security-utilities	Active	30	2
http://github.com/bioconductor/bbs	Moved to https://github.com/bioconductor/bbs		
https://github.com/ebay/zeta	Active	2	2
https://github.com/intel/mos	Active	30	6
https://github.com/kata-containers/linux	Active	30	0
https://github.com/hashicorp/learn-terraform-cloud	Moved to https://github.com/hashicorp/learn-terraform		
https://github.com/openamp/linux-openamp-staging	Active	30	1
https://github.com/linuxkit/linux	Active	30	3
https://github.com/intel/mainline-tracking	Active	30	1
https://github.com/zephyrproject-rtos/zephyr	Active	30	30
https://github.com/pytorch/pytorch	Active	30	30
https://github.com/alphagov/ckanext-spatial	Active	30	0
https://github.com/google/earthengine-api	Active	30	9
https://github.com/microsoft/typescript	Active	30	30
https://github.com/microsoft/ics-forensics-tools	Active	12	3
https://github.com/badging/badging	Active	30	9
https://github.com/enterprise-cmcs/mac-fc-security-hub-visibility	Active	29	13
https://github.com/blosc/caterva	Moved to https://github.com/ironArray/Caterva2		
https://github.com/saltstack/salt	Active	30	30
https://github.com/azure/terraform-azurerm-alz	Moved to https://github.com/Azure/terraform-azurerm-avm-ptn-alz		
https://github.com/aws/amazon-connect-wisdomjs	Moved to https://github.com/aws/amazon-q-connectjs		
https://github.com/azure/azure-center-for-sap-solutions-preview	Moved to https://github.com/Azure/Azure-Center-for-SAP-solutions		
https://github.com/microsoft/microsft-purview-advanced-rich-reports-mparr-collector	Moved to https://github.com/microsoft/Microsoft-Purview-Advanced-Rich-Reports-MPARR-Collector		
https://github.com/astropy/pytest-doctestplus	Moved to https://github.com/scientific-python/pytest-doctestplus		
https://github.com/scikit-hep/repo-review	Moved to https://github.com/scientific-python/repo-review		
https://github.com/scikit-hep/cookie	Moved to https://github.com/scientific-python/cookie		
https://github.com/pyvista/pyvista-gmsh	Moved to https://github.com/pyvista/scikit-gmsh		
https://github.com/aws/amazon-ecs-shim-loggers-for-containerd	Moved to https://github.com/aws/shim-loggers-for-containerd		
https://github.com/konveyor/tackle2-operator	Moved to https://github.com/konveyor/operator		
https://github.com/kube-rs/kube-rs	Moved to https://github.com/kube-rs/kube		
https://github.com/pyvista/scikit-gmsh	Active	30	15
https://github.com/google/medical_claims_tools	Moved to https://github.com/google/bulk_fhir_tools		
https://github.com/microsoft/cbl-mariner-linux-kernel	Active	30	0
https://github.com/jenssegers/laravel-mongodb	Moved to https://github.com/mongodb/laravel-mongodb		
https://github.com/cmsgov/serverless-waf-plugin	Moved to https://github.com/Enterprise-CMCS/serverless-waf-plugin		
https://github.com/aws/sagemaker-scikit-learn-container	Active	30	16
https://github.com/microsoft/azure_arc_community	Moved to https://github.com/microsoft/adaptive_cloud_community		
https://github.com/apache/incubator-kvrocks	Moved to https://github.com/apache/kvrocks		
https://github.com/hl7/fhir-us-pq-cmc	Moved to https://github.com/HL7/FHIR-us-pq-cmc-fda		
https://github.com/microsoft/aks-hci-apps	Moved to https://github.com/microsoft/AKS-Arc-Apps		
https://github.com/microsoft/activemlp	Moved to https://github.com/microsoft/TokenMixers		
https://github.com/quantecon/dp_text_website	Moved to https://github.com/QuantEcon/book-dp1-public		
https://github.com/microsoft/azure-openai-design-patterns	Moved to https://github.com/microsoft/azure-genai-design-patterns		
https://github.com/azure/sonic-buildimage-msft	Moved to https://github.com/sonic-net/sonic-buildimage-msft		
https://github.com/microsoft/adatest	Moved to https://github.com/microsoft/adaptive-testing		
https://github.com/microsoft/azureadexporter	Moved to https://github.com/microsoft/EntraExporter		
https://github.com/microsoft/cbl-marinertutorials	Moved to https://github.com/microsoft/azurelinux-tutorials		
https://github.com/microsoft/powervirtualagentssamples	Moved to https://github.com/microsoft/CopilotStudioSamples		
https://github.com/azure/windup-rulesets	Moved to https://github.com/Azure/appcat-rulesets		
https://github.com/aws/sagemaker-xgboost-container	Active	30	21
https://github.com/microsoft/arbutus	Moved to https://github.com/microsoft/blueprints		
https://github.com/econ-ark/solvingmicrodsops-lifecycle	Moved to https://github.com/econ-ark/EstimatingMicroDSOPs		
https://github.com/ome/openmicroscopy	Active	30	30
https://github.com/sagemath/sage	Active	30	30
https://github.com/azure/eraser	Moved to https://github.com/eraser-dev/eraser		
https://github.com/ant-design/ant-design	Active	30	30
https://github.com/aws/aws-prototyping-sdk	Moved to https://github.com/aws/aws-pdk		
https://github.com/microsoft/anyonecancode	Moved to https://github.com/microsoft/everyonecancode		
https://github.com/microsoft/playwright-vscode	Active	30	8
https://github.com/pandas-dev/pandas	Active	30	30
https://github.com/google/capsicum-linux	Active	30	4
https://github.com/vmware/transport-go	Moved to https://github.com/vmware-archive/transport-go		
https://github.com/vmware-labs/inclusive-language-ext-for-sonarqube	Moved to https://github.com/vmware-archive/inclusive-language-ext-for-sonarqube		
https://github.com/vmware/transport	Moved to https://github.com/vmware-archive/transport		
https://github.com/google/supply-chain	Moved to https://github.com/google/rust-crate-audits		
https://github.com/microsoft/vscode-entra-externalid	Moved to https://github.com/microsoft/vscode-ms-entra		
https://github.com/vmware/bridgeql	Moved to https://github.com/vmware-archive/bridgeql		
https://github.com/google/model-transparency	Moved to https://github.com/sigstore/model-transparency		
https://github.com/microsoft/vcpkg	Active	30	30
https://github.com/apache/arrow	Active	30	30
https://github.com/sourcegraph/sourcegraph	Active	30	30
https://github.com/blosc/blosc2_btune	Moved to https://github.com/ironArray/Blosc2-Btune		
https://github.com/microsoft/windows-ai-studio	Moved to https://github.com/microsoft/vscode-ai-toolkit		
https://github.com/microsoft/azure-openai-dev-skills-orchestrator	Moved to https://github.com/microsoft/project-oagents		
https://github.com/microsoft/ospo	Active	30	1
https://github.com/tc39/source-map-rfc	Moved to https://github.com/tc39/source-map		
https://github.com/gsa/datagov-harvesting-logic	Moved to https://github.com/GSA/datagov-harvester		
https://github.com/conda/conda	Active	30	30
https://github.com/spring-projects/spring-framework	Active	30	30
https://github.com/lensterxyz/lenster	Moved to https://github.com/heyxyz/hey		
https://github.com/spring-projects/spring-boot	Active	30	30
https://github.com/web-infra-dev/rspack	Active	30	30
https://github.com/apache/zeppelin	Active	30	30
https://github.com/apache/kyuubi	Active	30	30
https://github.com/azure/azure-sdk-for-cpp	Active	30	30
https://github.com/apache/activemq-artemis	Active	30	20
https://github.com/apache/rocketmq	Active	30	30
https://github.com/hyperf-cloud/hyperf	Moved to https://github.com/hyperf/hyperf		
https://github.com/aws/aws-sam-cli	Active	30	30
https://github.com/matteobruni/tsparticles	Moved to https://github.com/tsparticles/tsparticles		
https://github.com/sympy/sympy	Active	30	30
https://github.com/microsoft/ccf	Active	30	30
https://github.com/apache/incubator-seatunnel	Moved to https://github.com/apache/seatunnel		
https://github.com/microsoft/onnxruntime	Active	30	30
https://github.com/microsoft/pylance-release	Active	30	30
https://github.com/microsoft/navcontainerhelper	Active	30	30
https://github.com/microsoft/vscode-cmake-tools	Active	30	30
https://github.com/azure/azure-functions-core-tools	Active	30	30
https://github.com/redis/lettuce	Active	30	30
https://github.com/azure/autorest.java	Active	30	30
https://github.com/microsoft/oryx	Active	30	30
https://github.com/redis/ioredis	Active	30	30
https://github.com/microsoft/responsible-ai-toolbox	Active	30	30
https://github.com/azure/azure-dev	Active	30	30
https://github.com/microsoft/appcenter-sdk-apple	Active	30	1
https://github.com/microsoft/accessibility-insights-service	Active	30	6
https://github.com/redis/node-redis	Active	30	30
https://github.com/redis/go-redis	Active	30	30
https://github.com/microsoft/application-insights-workbooks	Active	30	30
https://github.com/redis/redis-py	Active	30	30
https://github.com/microsoft/recognizers-text	Active	30	30
https://github.com/microsoft/templatestudio	Active	30	30
https://github.com/azure/azure-resource-manager-schemas	Active	30	30
https://github.com/redis/jedis	Active	30	30
https://github.com/redis/redis-doc	Active	30	30
https://github.com/microsoft/rnx-kit	Active	30	30
https://github.com/azure/azure-sdk-for-c	Active	30	30
https://github.com/azure/walinuxagent	Active	30	30
https://github.com/azure/autorest.csharp	Active	30	30
https://github.com/keepassxreboot/keepassxc	Active	30	30
https://github.com/azure/azure-service-operator	Active	30	30
https://github.com/apache/ozone	Active	30	30
https://github.com/apache/storm	Active	30	17
https://github.com/microsoft/vstest	Active	30	30
https://github.com/azure/aro-rp	Active	30	30
https://github.com/apache/myfaces-tobago	Active	30	30
https://github.com/microsoft/winget-pkgs-submission-test	Active	30	0
https://github.com/sap/fundamental	Active	30	8
https://github.com/google/accompanist	Active	30	9
https://github.com/sap/cloud-security-services-integration-library	Active	30	10
https://github.com/spring-cloud/spring-cloud-sleuth	Active	30	0
https://github.com/apache/echarts	Active	30	30
https://github.com/aws/aws-cli	Active	30	30
https://github.com/microsoft/monaco-editor	Active	30	30
https://github.com/microsoft/vscode-remote-release	Active	30	30
https://github.com/stellar-group/hpx	Active	30	30
https://github.com/vmware-tanzu/sonobuoy	Active	30	30
https://github.com/aws/s2n-tls	Active	30	30
https://github.com/nasa/openmct	Active	30	30
https://github.com/google/benchmark	Active	30	30
https://github.com/redis/redis	Active	30	30
https://github.com/sap/sapmachine	Active	30	7
https://github.com/authelia/authelia	Active	30	30
https://github.com/aws/aws-parallelcluster	Active	30	30
https://github.com/microsoft/botframework-composer	Active	30	30
https://github.com/spring-projects/spring-data-elasticsearch	Active	30	24
https://github.com/google/certificate-transparency-go	Active	30	30
https://github.com/microsoft/pxt-microbit	Active	30	30
https://github.com/bagisto/bagisto	Active	30	27
https://github.com/apache/hbase	Active	30	30
https://github.com/microsoft/ebpf-for-windows	Active	30	30
https://github.com/microsoft/botbuilder-js	Active	30	30
https://github.com/microsoft/azuretre	Active	30	30
https://github.com/microsoft/al	Active	30	30
https://github.com/azure/logicappsux	Active	30	30
https://github.com/microsoft/kiota	Active	30	30
https://github.com/salesagility/suitecrm	Active	30	30
https://github.com/azure/acs-engine	Active	30	2
https://github.com/microsoft/coe-starter-kit	Active	30	30
https://github.com/microsoft/sqltoolsservice	Active	30	30
https://github.com/microsoft/botbuilder-samples	Active	30	30
https://github.com/azure/azure-rest-api-specs-examples	Active	30	24
https://github.com/jenkins-x/jx	Active	30	30
https://github.com/microsoft/fluentui-react-native	Active	30	30
https://github.com/microsoft/applicationinsights-java	Active	30	30
https://github.com/deeplearning4j/deeplearning4j	Active	30	30
https://github.com/microsoft/msquic	Active	30	30
https://github.com/azure/azure-container-networking	Active	30	22
https://github.com/microsoft/rtvs	Active	30	30
https://github.com/microsoft/botframework-solutions	Active	30	0
https://github.com/google/agi	Active	30	30
https://github.com/azure/resourcemodules	Active	30	30
https://github.com/microsoft/powerplatformconnectors	Active	30	30
https://github.com/aws/eks-anywhere	Active	30	30
https://github.com/microsoft/sarif-sdk	Active	30	30
https://github.com/microsoft/botframework-webchat	Active	30	30
https://github.com/apache/age	Active	30	30
https://github.com/google/docsy	Active	30	30
https://github.com/apache/arrow-adbc	Active	30	30
https://github.com/google/ksp	Active	30	30
https://github.com/google/digitalbuildings	Active	30	30
https://github.com/microsoft/lisa	Active	30	30
https://github.com/apache/shiro	Active	30	17
https://github.com/microsoft/onefuzz	Active	30	30
https://github.com/apache/incubator-uniffle	Active	30	30
https://github.com/sap/fundamental-react	Active	30	30
https://github.com/google/oboe	Active	30	30
https://github.com/microsoft/fhir-server	Active	30	30
https://github.com/apache/plc4x	Active	30	30
https://github.com/google/device-infra	Active	30	16
https://github.com/google/certificate-transparency	Active	30	30
https://github.com/gitextensions/gitextensions	Active	30	30
https://github.com/google/auto	Active	30	30
https://github.com/saltstack/salt-bootstrap	Active	30	19
https://github.com/microsoft/rushstack	Active	30	30
https://github.com/google/keytransparency	Active	30	30
https://github.com/apache/arrow-datafusion	Moved to https://github.com/apache/datafusion		
https://github.com/apache/cloudstack	Active	30	30
https://github.com/spring-projects/spring-data-neo4j	Active	30	30
https://github.com/google/traceur-compiler	Active	30	30
https://github.com/azure/azure-iot-sdk-csharp	Active	30	30
https://github.com/spring-projects/spring-session	Active	30	30
https://github.com/google/earthenterprise	Active	30	30
https://github.com/rabbitmq/rabbitmq-website	Active	30	30
https://github.com/google/go-containerregistry	Active	30	30
https://github.com/google/trax	Active	30	30
https://github.com/google/j2objc	Active	30	30
https://github.com/sap/open-ux-tools	Active	30	30
https://github.com/spring-projects/spring-data-redis	Active	30	30
https://github.com/google/gson	Active	30	30
https://github.com/vmware-tanzu/pinniped	Active	30	30
https://github.com/microsoft/dicom-server	Active	30	26
https://github.com/reacttraining/react-router	Moved to https://github.com/remix-run/react-router		
https://github.com/saltstack/salt-jenkins	Moved to https://github.com/saltstack/salt-ci-images		
https://github.com/microsoft/stl	Active	30	30
https://github.com/google/fuzzbench	Active	30	30
https://github.com/google/earlgrey	Active	30	30
https://github.com/sap/cloud-sdk	Active	30	14
https://github.com/ebay/skin	Active	30	30
https://github.com/spring-cloud/spring-cloud-gateway	Active	30	30
https://github.com/google/osv.dev	Active	30	30
https://github.com/google/closure-templates	Active	30	30
https://github.com/google/ground-android	Active	30	30
https://github.com/google/highway	Active	30	30
https://github.com/google/tsl	Active	30	30
https://github.com/google/material-design-lite	Active	30	30
https://github.com/spring-projects/spring-amqp	Active	30	30
https://github.com/spring-cloud/spring-cloud-stream	Active	30	30
https://github.com/google/comprehensive-rust	Active	30	30
https://github.com/spring-cloud/spring-cloud-netflix	Active	30	30
https://github.com/saltstack/salt-winrepo-ng	Active	30	26
https://github.com/google/knative-gcp	Active	30	0
https://github.com/google/model-viewer	Active	30	30
https://github.com/google/libphonenumber	Active	30	30
https://github.com/spring-projects/spring-batch	Active	30	30
https://github.com/spring-projects/spring-kafka	Active	30	30
https://github.com/apache/inlong	Active	30	30
https://github.com/spring-attic/spring-cloud-gcp	Active	30	30
https://github.com/spring-projects/spring-data-mongodb	Active	30	30
https://github.com/apache/trafficcontrol	Active	30	30
https://github.com/google/timesketch	Active	30	30
https://github.com/google/nearby	Active	30	30
https://github.com/vmware/govmomi	Active	30	30
https://github.com/reactor/reactor-netty	Active	30	30
https://github.com/vmware/singleton	Active	30	30
https://github.com/vmware-tanzu/tanzu-dev-portal	Active	30	30
https://github.com/google/nomulus	Active	30	18
https://github.com/reactor/reactor-core	Active	30	30
https://github.com/sap/openui5	Active	30	30
https://github.com/vmware/versatile-data-kit	Active	30	30
https://github.com/pivotal/docs-tap	Active	30	0
https://github.com/micrometer-metrics/micrometer	Active	30	30
https://github.com/openfoodfacts/smooth-app	Active	30	30
https://github.com/microsoft/ptvs	Active	30	30
https://github.com/google/exposure-notifications-verification-server	Active	30	0
https://github.com/microsoft/vscode-cpptools	Active	30	30
https://github.com/microsoft/microsoft-ui-xaml	Active	30	30
https://github.com/vmware/concord-bft	Active	30	30
https://github.com/azure/aks-engine	Active	30	0
https://github.com/microsoft/pai	Active	30	30
https://github.com/google/go-github	Active	30	30
https://github.com/google/flax	Active	30	30
https://github.com/microsoft/botbuilder-dotnet	Active	30	30
https://github.com/microsoft/azure-tools-for-java	Active	30	30
https://github.com/google/dagger	Active	30	30
https://github.com/microsoft/nni	Active	30	30
https://github.com/big-cz/big-cz-central	Active	3	0
https://github.com/sap/luigi	Active	30	30
https://github.com/google/go-cloud	Active	30	12
https://github.com/microsoft/directxshadercompiler	Active	30	30
https://github.com/google/error-prone	Active	30	30
https://github.com/azure/azure-functions-ux	Active	30	7
https://github.com/spring-cloud/spring-cloud-dataflow	Active	30	30
https://github.com/microsoft/fast	Active	30	30
https://github.com/azure/azure-sdk	Active	30	30
https://github.com/pytest-dev/pytest	Active	30	30
https://github.com/apache/apisix	Active	30	30
https://github.com/google/trillian	Active	30	30
https://github.com/concourse/concourse	Active	30	30
https://github.com/vmware-tanzu/community-edition	Active	30	9
https://github.com/vmware-tanzu/tanzu-framework	Active	30	30
https://github.com/sap/ui5-webcomponents-react	Active	30	30
https://github.com/apache/dolphinscheduler	Active	30	30
https://github.com/vmware-tanzu/velero	Active	30	30
https://github.com/sap/cloud-sdk-js	Active	30	30
https://github.com/spring-projects/spring-integration	Active	30	30
https://github.com/microsoft/kiota-samples	Active	30	1
https://github.com/projectcontour/contour	Active	30	30
https://github.com/apache/geode	Active	30	23
https://github.com/vmware/vic	Active	30	30
https://github.com/google/orbit	Active	30	30
https://github.com/vuetifyjs/vuetify	Active	30	30
https://github.com/azure/azure-sdk-for-ruby	Active	30	0
https://github.com/vmware-tanzu/kubeapps	Active	30	30
https://github.com/microsoft/vscode-jupyter	Active	30	30
https://github.com/microsoft/pxt	Active	30	30
https://github.com/microsoft/accessibility-insights-web	Active	30	30
https://github.com/openfoodfacts/openfoodfacts-server	Active	30	30
https://github.com/rubocop/rubocop	Active	30	30
https://github.com/google/xnnpack	Active	30	30
https://github.com/microsoft/mixedrealitytoolkit-unity	Active	30	0
https://github.com/microsoft/azuredatastudio	Active	30	30
https://github.com/microsoft/vscode-python	Active	30	30
https://github.com/apache/nuttx	Active	30	30
https://github.com/google/filament	Active	30	30
https://github.com/apache/nifi	Active	30	30
https://github.com/apache/tvm	Active	30	30
https://github.com/google/blockly	Active	30	30
https://github.com/microsoft/react-native-windows	Active	30	30
https://github.com/sap/ui5-webcomponents	Active	30	30
https://github.com/microsoft/playwright	Active	30	30
https://github.com/google/site-kit-wp	Active	30	30
https://github.com/apache/mxnet	Active	30	30
https://github.com/microsoft/cbl-mariner	Moved to https://github.com/microsoft/azurelinux		
https://github.com/ccxt/ccxt	Active	30	30
https://github.com/apache/iotdb	Active	30	30
https://github.com/armmbed/mbed-os	Active	30	30
https://github.com/apache/pinot	Active	30	30
https://github.com/apache/druid	Active	30	30
https://github.com/microsoft/fluidframework	Active	30	30
https://github.com/microsoft/alappextensions	Active	30	30
https://github.com/microsoft/fluentui-blazor	Active	30	30
https://github.com/azure/aad-pod-identity	Active	30	0
https://github.com/azure/azure-storage-fuse	Active	30	20
https://github.com/spring-projects/spring-security	Active	30	30
https://github.com/azure/secrets-store-csi-driver-provider-azure	Active	30	30
https://github.com/microsoft/kiota-java	Active	30	11
https://github.com/spring-cloud/spring-cloud-stream-binder-kafka	Active	30	11
https://github.com/microsoft/graspologic	Moved to https://github.com/graspologic-org/graspologic		
https://github.com/azure/bicep-registry-modules	Active	30	30
https://github.com/microsoft/live-share	Active	30	30
https://github.com/microsoft/bcapps	Active	30	30
https://github.com/rust-lang/rls	Active	30	30
https://github.com/microsoft/teams-ai	Active	30	30
https://github.com/rust-lang/www.rust-lang.org	Active	30	30
https://github.com/rust-lang/rust-by-example	Active	30	30
https://github.com/rust-lang/reference	Active	30	30
https://github.com/rust-lang/mdbook	Active	30	30
https://github.com/microsoft/qsharp	Active	30	30
https://github.com/google/webfundamentals	Active	30	30
https://github.com/microsoft/service-fabric	Active	30	30
https://github.com/rust-lang/team	Active	30	30
https://github.com/rust-lang/rustc-perf	Active	30	30
https://github.com/microsoft/autogen	Active	30	30
https://github.com/microsoft/devhome	Active	30	30
https://github.com/rust-lang/futures-rs	Active	30	30
https://github.com/rust-lang/rustup	Active	30	30
https://github.com/azure/azure-docs-powershell-azuread	Active	30	0
https://github.com/rabbitmq/rabbitmq-server	Active	30	30
https://github.com/rust-lang/book	Active	30	30
https://github.com/microsoft/pxt-arcade	Active	30	30
https://github.com/rust-lang/rustfmt	Active	30	30
https://github.com/mudblazor/mudblazor	Active	30	30
https://github.com/microsoft/promptflow	Active	30	30
https://github.com/microsoft/bedrock	Active	30	30
https://github.com/microsoft/vscode-java-debug	Active	30	30
https://github.com/azure/azure-functions-docker	Active	30	30
https://github.com/apache/shenyu	Active	30	30
https://github.com/microsoft/flaml	Active	30	30
https://github.com/microsoft/vscode-languageserver-node	Active	30	30
https://github.com/microsoft/vscode-eslint	Active	30	30
https://github.com/microsoft/winappdriver	Active	30	30
https://github.com/azure/azure-libraries-for-net	Active	30	30
https://github.com/nasa/osal	Active	30	30
https://github.com/microsoft/win32metadata	Active	30	30
https://github.com/sap/fundamental-styles	Active	30	9
https://github.com/azure/azure-functions-python-worker	Active	30	30
https://github.com/microsoft/cpp_client_telemetry	Active	30	30
https://github.com/azure/communication-ui-library-android	Active	30	6
https://github.com/azure/pcs-remote-monitoring-webui	Active	30	0
https://github.com/microsoft/presidio	Active	30	30
https://github.com/sap/jenkins-library	Active	30	30
https://github.com/rust-lang/this-week-in-rust	Active	30	16
https://github.com/microsoft/botframework-cli	Active	30	30
https://github.com/google/gvisor	Active	30	30
https://github.com/azure/azure-workload-identity	Active	30	30
https://github.com/microsoft/kiota-typescript	Active	30	19
https://github.com/rust-lang/stdarch	Active	30	30
https://github.com/sap/fundamental-ngx	Active	30	30
https://github.com/microsoft/qcodes	Active	30	30
https://github.com/microsoft/vscode-tools-for-ai	Active	30	30
https://github.com/rust-lang/blog.rust-lang.org	Active	30	27
https://github.com/azure/azure-functions	Active	30	30
https://github.com/aws/containers-roadmap	Active	30	30
https://github.com/microsoft/msphpsql	Active	30	30
https://github.com/ohdsi/tpdchronograph	Active	3	0
https://github.com/microsoft/onnxscript	Active	30	30
https://github.com/jantimon/html-webpack-plugin	Active	30	30
https://github.com/jedisct1/dnscrypt-proxy	Moved to https://github.com/DNSCrypt/dnscrypt-proxy		
https://github.com/microsoft/vscode-arduino	Active	30	30
https://github.com/apache/incubator-pagespeed-mod	Active	30	30
https://github.com/microsoft/cswinrt	Active	30	30
https://github.com/apache/incubator-pagespeed-ngx	Active	30	30
https://github.com/azure/machinelearningnotebooks	Active	30	30
https://github.com/aws/karpenter	Moved to https://github.com/aws/karpenter-provider-aws		
https://github.com/microsoft/botframework-components	Active	30	30
https://github.com/azure/application-gateway-kubernetes-ingress	Active	30	30
https://github.com/nasa/mmt	Active	30	21
https://github.com/microsoft/docker-provider	Active	30	1
https://github.com/apache/incubator-brooklyn	Active	30	20
https://github.com/microsoft/o365-moodle	Active	30	30
https://github.com/apache/cordova-android	Active	30	30
https://github.com/microsoft/axe-sarif-converter	Active	30	12
https://github.com/samsung/escargot	Active	30	20
https://github.com/nasa/cfe	Active	30	30
https://github.com/sequel-ace/sequel-ace	Active	30	30
https://github.com/microsoft/openapi.net	Active	30	30
https://github.com/desmondsanctity/video-chat	Active	3	0
https://github.com/microsoft/psrule-vscode	Active	30	6
https://github.com/php/pecl-networking-apn	Active	3	0
https://github.com/common-workflow-language/cwltool	Active	30	30
https://github.com/apache/parquet-mr	Moved to https://github.com/apache/parquet-java		
https://github.com/cmu-phil/tetrad	Active	30	9
https://github.com/apache/maven	Active	30	30
https://github.com/informatics-isi-edu/chaise	Active	30	30
https://github.com/microsoft/vfsforgit	Active	30	30
https://github.com/zarr-developers/zarr-python	Active	30	30
https://github.com/scikit-hep/pyhf	Active	30	30
https://github.com/samtools/htsjdk	Active	30	30
https://github.com/yoseflab/scvi	Moved to https://github.com/scverse/scvi-tools		
https://github.com/cfpb/crawsqueal	Moved to https://github.com/cfpb/website-indexer		
https://github.com/php/pecl-xml-dom-varimport	Active	3	0
https://github.com/cp2k/cp2k	Active	30	30
https://github.com/genepattern/docker-r-3-4	Active	3	0
https://github.com/bbc/sounds-mobile-devices	Active	3	0
https://github.com/psi4/psi4	Active	30	30
https://github.com/theislab/scanpy	Moved to https://github.com/scverse/scanpy		
https://github.com/cvc5/cvc5-projects	Active	3	30
https://github.com/rust-lang/rust-analyzer	Active	30	30
https://github.com/bbc/.github	Active	3	0
https://github.com/goharbor/harbor	Active	30	30
https://github.com/ome/webatlas-app	Active	3	0
https://github.com/pac4j/spray-pac4j	Active	3	0
https://github.com/genepattern/gp-server-test	Active	3	0
https://github.com/apache/couchdb-query-server-spidermonkey	Active	3	0
https://github.com/apache/incubator-lens	Active	3	0
https://github.com/apache/incubator-carbondata	Active	3	0
https://github.com/apache/incubator-streams-examples	Active	3	0
https://github.com/apache/incubator-streams-master	Active	3	0
https://github.com/apache/opennlp-corpus	Active	3	0
https://github.com/apache/incubator-mynewt-documentation	Active	3	0
https://github.com/apache/flex-asjs	Active	3	0
https://github.com/apache/flex-falcon	Active	3	0
https://github.com/apache/incubator-streams	Active	3	0
https://github.com/apache/hadoop-downstream-tests	Active	3	0
https://github.com/apache/flex-tourjs	Active	3	0
https://github.com/apache/flex-typedefs	Active	3	0
https://github.com/apache/carbondata	Active	30	30
https://github.com/apache/incubator-sdap-doms	Moved to https://github.com/apache/sdap-doms		
https://github.com/apache/incubator-mnemonic	Active	3	0
https://github.com/apache/fineract-cn-integration-tests	Active	3	0
https://github.com/apache/tajo-site	Active	3	0
https://github.com/apache/commons-testrepo	Active	3	0
https://github.com/apache/mynewt-nfc	Active	3	0
https://github.com/apache/fineract-cn-docker-scripts	Active	3	0
https://github.com/apache/kibble-docker	Active	3	0
https://github.com/apache/tuscany-js	Active	3	0
https://github.com/cfpb/design-stories	Moved to https://github.com/cfpb/design-system-react		
https://github.com/apache/infratest	Active	3	0
https://github.com/apache/diversity-research	Active	3	0
https://github.com/apache/ws-woden	Active	3	0
https://github.com/mdanalysis/hole2-mdakit	Moved to https://github.com/MDAnalysis/mdahole2		
https://github.com/apache/impala-udf-samples	Active	3	0
https://github.com/apache/pinot-docs	Active	3	0
https://github.com/apache/maven-metric-extension	Active	3	0
https://github.com/apache/royale-ds	Active	3	0
https://github.com/apache/airflow-upgrade-check	Active	3	0
https://github.com/gsa/site-scanning-engine	Active	30	3
https://github.com/apache/river-ldj-tests	Active	3	0
https://github.com/apache/camel-install-jdk	Active	3	0
https://github.com/apache/royale-official-site	Active	3	0
https://github.com/apache/tomee-bval	Active	3	0
https://github.com/ebi-gene-expression-group/ap-analysis	Active	3	0
https://github.com/yt-project/yt	Active	30	30
https://github.com/apache/poi-xmlbeans-site	Active	3	0
https://github.com/apache/poi-site	Active	3	0
https://github.com/apache/tomee-mbean-annotation-api	Active	3	0
https://github.com/apache/airavata-custos-docs	Active	3	0
https://github.com/apache/royale-pelican	Active	3	0
https://github.com/apache/openwebbeans-build-tools	Active	3	0
https://github.com/apache/flume-irc	Moved to https://github.com/apache/logging-flume-irc		
https://github.com/apache/flume-jms	Moved to https://github.com/apache/logging-flume-jms		
https://github.com/apache/flume-scribe	Moved to https://github.com/apache/logging-flume-scribe		
https://github.com/apache/flume-http	Moved to https://github.com/apache/logging-flume-http		
https://github.com/samsung/security-tests	Active	3	0
https://github.com/samsung/flare	Active	3	0
https://github.com/samsung/flare_wasi_libc	Active	3	0
https://github.com/samsung/flare_wasi_sdk	Active	3	0
https://github.com/samsung/flare_v8_build	Active	3	0
https://github.com/samsung/flare_llvm	Active	3	0
https://github.com/samsung/rome	Active	3	0
https://github.com/samsung/plug-ur-tool	Active	3	0
https://github.com/samsung/tedeu5	Active	3	0
https://github.com/18f/weather.gov	Moved to https://github.com/weather-gov/weather.gov		
https://github.com/cloud-gov/bosh-deployment-resource	Active	30	0
https://github.com/armmbed/myotest-step-analysis-data-set-1	Active	3	0
https://github.com/armmbed/myotest-library-step-analysis	Active	3	0
https://github.com/armmbed/myotest-prerecorded-data-collection	Active	3	0
https://github.com/armmbed/myotest-step-analysis-data-set-2	Active	3	0
https://github.com/armmbed/mbed-sterm	Active	3	0
https://github.com/ohdsi/statius	Active	3	0
https://github.com/cfpb/design-manual	Active	30	30
